"","day_type","average_very_active_minutes","average_fairly_active_minutes","average_lightly_active_minutes","average_sedentary_minutes"
"1","Weekday",16.3516129032258,14.0838709677419,166.751612903226,995.064516129032
"2","Weekend",17.1972789115646,10.9319727891156,177.068027210884,995.741496598639
